{"count":1,"self":222.80750079999999,"total":228.27556289999998,"children":{"InitializeActuators":{"count":84,"self":0.0030295,"total":0.0030295,"children":null},"InitializeSensors":{"count":84,"self":0.00099739999999999985,"total":0.00099739999999999985,"children":null},"AgentSendState":{"count":10455,"self":0.31435569999999996,"total":0.7015747,"children":{"CollectObservations":{"count":44597,"self":0.2554558,"total":0.2554558,"children":null},"WriteActionMask":{"count":44597,"self":0.041057699999999996,"total":0.041057699999999996,"children":null},"RequestDecision":{"count":44597,"self":0.0907055,"total":0.0907055,"children":null}}},"DecideAction":{"count":10455,"self":3.1601596,"total":3.1601596,"children":null},"AgentAct":{"count":10455,"self":1.6013115999999998,"total":1.6013115999999998,"children":null}},"gauges":{},"metadata":{"timer_format_version":"0.1.0","start_time_seconds":"1716232473","unity_version":"2022.3.25f1","command_line_arguments":"C:\/Program Files\/Unity 2022.3.25f1\/Editor\/Unity.exe -projectpath C:\\Users\\cans7\\Documents\\GitHub\\Group_20 -useHub -hubIPC -cloudEnvironment production -licensingIpc LicenseClient-cans7 -hubSessionId c466b0ea-75be-424a-8c6c-0cc7d0b6a49c -accessToken mFUZv6Jn1mB61DQfFskxNaUuJs35Ai5Zl7y6aA2MIL4011f","communication_protocol_version":"1.5.0","com.unity.ml-agents_version":"2.0.1","scene_name":"MainMenu","end_time_seconds":"1716232701"}}