{"count":1,"self":57.3102144,"total":57.7368422,"children":{"InitializeActuators":{"count":10,"self":0.00099739999999999985,"total":0.00099739999999999985,"children":null},"InitializeSensors":{"count":10,"self":0.0009973,"total":0.0009973,"children":null},"AgentSendState":{"count":2329,"self":0.0116841,"total":0.0356514,"children":{"CollectObservations":{"count":3124,"self":0.011973399999999999,"total":0.011973399999999999,"children":null},"WriteActionMask":{"count":3124,"self":0.00099819999999999987,"total":0.00099819999999999987,"children":null},"RequestDecision":{"count":3124,"self":0.010995699999999999,"total":0.010995699999999999,"children":null}}},"DecideAction":{"count":2329,"self":0.33319099999999996,"total":0.33319099999999996,"children":null},"AgentAct":{"count":2329,"self":0.0547883,"total":0.0547883,"children":null}},"gauges":{},"metadata":{"timer_format_version":"0.1.0","start_time_seconds":"1716212775","unity_version":"2022.3.25f1","command_line_arguments":"C:\/Program Files\/Unity 2022.3.25f1\/Editor\/Unity.exe -projectpath C:\\Users\\cans7\\Documents\\GitHub\\Group_20 -useHub -hubIPC -cloudEnvironment production -licensingIpc LicenseClient-cans7 -hubSessionId c466b0ea-75be-424a-8c6c-0cc7d0b6a49c -accessToken WO-osHKdtTcTq190l9HuNYKnqvi8Fbai5PsAqE70Q2g011f","communication_protocol_version":"1.5.0","com.unity.ml-agents_version":"2.0.1","scene_name":"Sezer","end_time_seconds":"1716212833"}}