{"count":1,"self":407.0741504,"total":410.252825,"children":{"InitializeActuators":{"count":60,"self":0.0019954,"total":0.0019954,"children":null},"InitializeSensors":{"count":60,"self":0.0019917999999999997,"total":0.0019917999999999997,"children":null},"AgentSendState":{"count":20312,"self":0.12277909999999999,"total":0.24618959999999998,"children":{"CollectObservations":{"count":38585,"self":0.065961999999999993,"total":0.065961999999999993,"children":null},"WriteActionMask":{"count":38585,"self":0.0089781,"total":0.0089781,"children":null},"RequestDecision":{"count":38585,"self":0.0484704,"total":0.0484704,"children":null}}},"DecideAction":{"count":20312,"self":2.3873888,"total":2.3873887,"children":null},"AgentAct":{"count":20312,"self":0.54010629999999993,"total":0.54010629999999993,"children":null}},"gauges":{},"metadata":{"timer_format_version":"0.1.0","start_time_seconds":"1718139000","unity_version":"2022.3.25f1","command_line_arguments":"C:\/Program Files\/Unity 2022.3.25f1\/Editor\/Unity.exe -projectpath C:\\Users\\cans7\\Documents\\GitHub\\Group_20 -useHub -hubIPC -cloudEnvironment production -licensingIpc LicenseClient-cans7 -hubSessionId 219c5e6a-ee44-4739-9978-4f2d4ecf1a65 -accessToken S84O1OO9JLyaMgp-Pm8UpbLYya7iSivbB-z5ZRjHhJw011f","communication_protocol_version":"1.5.0","com.unity.ml-agents_version":"2.0.1","scene_name":"Sezer","end_time_seconds":"1718139410"}}